decision_date,period_end,regime,VIX,TNX_5d_chg,DXY_5d_chg,w_Equities,w_Gold,w_REITs,w_Bitcoin,exp_portfolio,real_Equities,real_Gold,real_REITs,real_Bitcoin,real_portfolio,muD_Equities,muD_Gold,muD_REITs,muD_Bitcoin,muH_Equities,muH_Gold,muH_REITs,muH_Bitcoin,volAnn_Equities,volAnn_Gold,volAnn_REITs,volAnn_Bitcoin,sigRA_pre_Equities,sigRA_pre_Gold,sigRA_pre_REITs,sigRA_pre_Bitcoin,muTilt_Equities,muTilt_Gold,muTilt_REITs,muTilt_Bitcoin,sigRA_post_Equities,sigRA_post_Gold,sigRA_post_REITs,sigRA_post_Bitcoin,kpi_equities,kpi_gold,kpi_reit,kpi_btc
2017-01-31,2017-02-28,risk_on,11.989999771118164,-0.008093881538480093,-0.00837066617501991,0.24668610958006926,0.25331389041993085,0.3,0.2,0.0964482813088921,0.037178911140715476,0.03184768678480654,0.035085304203744894,0.21595868139061847,0.07095630992730813,0.0018101567346628818,0.0019379062748807587,0.005757963473277582,0.009273033696603625,0.038013291427920516,0.04069603177249593,0.12091723293882922,0.19473370762867614,0.0,0.0,0.0,0.0,0.0,0.0,0.0,0.0,0.03842507607889667,0.041092818082277764,0.11961728937386576,0.2033739017588545,0.0,0.0,0.0,0.0,0.036108830666677534,0.0325,-0.03583562996960881,0.14789759539479638
2017-02-28,2017-03-31,risk_on,12.920000076293945,-0.02843016251364497,-0.0024662128166749943,0.2404571197627312,0.25954288023726885,0.29999999999999993,0.19999999999999996,0.07881732500592782,0.03312653763289486,-0.004277464747725723,-0.024236518722571376,-0.0916802412998381,-0.01875167757055952,0.001295565511005954,0.0016021214763161154,0.0034515034461222818,0.00918898336567494,0.027206875731125034,0.033644551002638426,0.07248157236856792,0.19296865067917374,0.0,0.0,0.0,0.0,0.0,0.0,0.0,0.0,0.02748162528845539,0.03397258537491415,0.07663793806512954,0.2020022423290831,0.0,0.0,0.0,0.0,0.033661779721371486,0.0325,0.19114585775570436,0.15604592798043748
2017-03-31,2017-04-30,risk_on,12.369999885559082,-0.001666744483838698,0.007226751385646798,0.316270759930162,0.2091385234071501,0.2745907166626878,0.19999999999999996,0.02102011128426125,0.014203548678294098,0.017267481479825264,0.002421199996494261,0.25760640192872564,0.06028958214180626,0.0011347070209470846,0.0007175353181471724,0.0009396500288723063,0.0010481002167593936,0.023828847439888775,0.015068241681090621,0.019732650606318434,0.022010104551947265,0.07554268746133996,0.08357761007535555,0.09758819656099225,0.5841532725889934,0.3154355271260838,0.18029041112212635,0.20220325102519546,0.03767864631554232,0.02407656454947967,0.015215157037481254,0.02062901355551269,0.022793934126052243,0.31871469441434935,0.18204824263056707,0.21138840846002963,0.039020468078572096,0.03465227181966322,0.0325,0.151417899040764,0.11870753457122696
2017-04-30,2017-05-31,risk_on,10.819999694824219,0.003959552545073751,-0.0004036056878682074,0.3145794768885049,0.2638627925736754,0.22155773053781966,0.2,0.03254362659240448,0.034092701777315604,-0.0012419798017191397,-0.0072470844417863445,0.6962881891411035,0.14804914227830462,0.0008297658048164694,0.0004785508275086077,0.0001706697971168056,0.005377028741131927,0.017425081901145858,0.010049567377680762,0.0035840657394529173,0.11291760356377048,0.07117011636063239,0.0813130177819007,0.0910871938270392,0.5687902161559969,0.2448370579141628,0.12359112540424831,0.03934763591749808,0.19852240836154186,0.017700413932170388,0.010147550659613149,0.0038473685083039747,0.11722732173420719,0.24870570454710308,0.12479613887693973,0.04223830317585088,0.20609939904813046,0.052669677075554165,0.0325,0.2448827560579745,0.12722309703177445
2017-05-31,2017-06-30,risk_on,10.40999984741211,-0.030891408756022146,-0.0032908237541564864,0.31591330145472746,0.2559739381318802,0.2281127604133924,0.2,0.057568758700775914,-0.010429997076782938,-0.021555347739281583,0.022326324082455384,0.08503732193929947,0.01328780174487711,0.001108181236811986,0.0003584358785732283,-4.023565621804717e-05,0.011222998563421118,0.023271805973051705,0.007527153450037795,-0.0008449487805789905,0.23568296983184348,0.07025369924781265,0.08483711062010005,0.07803077838362273,0.5078246208350808,0.33125381612949406,0.08872477380499594,-0.010828403843736746,0.46410307842947807,0.0239520314458725,0.007600543196175663,-0.0008466539090987276,0.24124792478307813,0.3409362311496821,0.08958984034959463,-0.010850255843102357,0.4750614973853835,0.09743198466683771,0.0325,0.0067267529856210664,0.07870678925458166
2017-06-30,2017-07-31,risk_on,11.180000305175781,0.07369402445658581,-0.01685508055715122,0.26302248464998906,0.2523568586505018,0.28462065669950914,0.19999999999999996,0.02550720914324458,0.05841876250461331,0.02313170169958667,0.012375654211897347,0.1590187138323087,0.05652900123562717,6.920669828534844e-05,-0.000283282197342975,0.00019516048662587577,0.006087433554643419,0.001453340663992317,-0.005948926144202475,0.004098370219143391,0.1278361046475118,0.0641132847057349,0.08285176716315092,0.08090057951321486,0.652474701746362,0.022668323275945285,-0.07180204294843713,0.050659343156793275,0.19592499801962562,0.0014169858527015916,-0.006006928174108449,0.004286419324291173,0.12715198022370555,0.02210128305241617,-0.07250211286718439,0.052983790104878054,0.19487649081777522,-0.08338217412119363,0.0325,0.15294624862456208,-0.0178385813014934
2017-07-31,2017-08-31,risk_on,10.260000228881836,0.016858965252765482,-0.011917458039752245,0.30513123788844326,0.25786580938822584,0.23700295272333086,0.19999999999999996,0.038547731646320776,-0.015798118994665766,0.041987575112416575,-0.00261135600742346,0.6357682892979801,0.13254141921068577,0.0009825316845646559,0.0005863323654120625,0.0004049192128630777,0.006366801126100469,0.020633165375857774,0.012312979673653314,0.008503303470124632,0.13370282364810984,0.05546026704273555,0.07520725436087089,0.09022720425397679,0.8513700766724289,0.3720350888314088,0.16372063809923576,0.09424323340651272,0.15704430694896623,0.020780087396098917,0.012433031225471432,0.008748658905418781,0.13463783101330143,0.3746842289830047,0.1653169143207033,0.09696254004271868,0.15814254541283854,0.023735576124616378,0.0325,0.09618043785617233,0.023310586360599538
2017-08-31,2017-09-30,risk_on,10.59000015258789,-0.033272540580330814,-0.006539457743721044,0.2513038889710254,0.3033316707458415,0.2453644402831332,0.2,0.05966478961626481,-0.013037112307784704,-0.03369891808976033,-0.0011406604388176644,-0.0775355998929882,-0.029285223639113827,0.00024205963881502747,0.000942343985260454,0.00015249257076922271,0.011939975737528833,0.005083252415115577,0.019789223690469534,0.003202343986153677,0.2507394904881055,0.08066670362825366,0.07992456724879454,0.09997740541675584,0.8361949771544784,0.0630154969334232,0.24759875932600692,0.03203067705952865,0.29985768551415726,0.0051065425857061775,0.01998216862145161,0.0034083533774484083,0.25741991146732945,0.06330421792415479,0.25001284722943545,0.034091236547304726,0.30784675643868853,0.015272486122824409,0.0325,0.2144360424587705,0.08880958435146369
2017-09-30,2017-10-31,risk_on,9.510000228881836,0.04774772307574998,0.004641125721467732,0.2640551164753889,0.2640551164753889,0.2718897670492223,0.19999999999999996,0.018022391614967645,0.05585070562993555,-0.007484813689786818,-0.01071126529604316,0.4908578726350423,0.1080305523305569,-0.0003832483244747483,-0.0004128419365436343,4.183792191497333e-05,0.005492494445078514,-0.008048214813969714,-0.008669680667416321,0.0008785963602144399,0.11534238334664879,0.08793150549601719,0.0926663262977644,0.08426408440066585,0.841219867445573,-0.09152822721014658,-0.09355804868705019,0.010426700372567002,0.13711324210267947,-0.0077263047064709345,-0.00875421005392363,0.0008740071247932754,0.11068261133019298,-0.08786730834286573,-0.09447023966174892,0.010372237840234208,0.13157393876857545,-0.13332567736637424,0.0325,-0.01741123921814082,-0.1346649248741862
2017-10-31,2017-11-30,risk_on,10.180000305175781,-0.012468816562858129,0.006279310057833507,0.32645135457442936,0.23677432271278537,0.23677432271278537,0.2,0.04555398264604448,-0.010522191136697723,0.003563440057185341,0.0266426596037046,0.5820913616777115,0.12013531757487839,0.0009794641519253109,-0.0002876173143258203,-0.00038826097485144883,0.009640022805609447,0.020568747190431527,-0.006039963600842226,-0.008153480471880425,0.2024404789177984,0.08061647496849196,0.08615405025372855,0.06630829414188014,0.8194903013986886,0.2551432222566242,-0.0701065542833354,-0.12296320660028424,0.2470321839956828,0.020708447008331476,-0.0060988532459504375,-0.0076236413699267355,0.2102140821882302,0.2568761164070389,-0.07079009318759791,-0.11497266621901625,0.25651808426462314,0.022639495510116753,0.0325,-0.21661060524234155,0.1279981703262072
2017-11-30,2017-12-31,risk_on,11.279999732971191,0.03290604443083217,0.0026951271479364733,0.2811290217405266,0.2562805952943273,0.2625903829651461,0.19999999999999996,0.06998102285151388,0.029741251588643713,0.021057003170010136,-0.0014742414019749406,0.38332560692098316,0.09003563004184797,0.0004295081724060261,1.568123626337009e-05,0.00011200133486363393,0.01489491778620543,0.009019671620526548,0.0003293059615307719,0.0023520280321363126,0.312793273510314,0.06688686414245579,0.07179215911128409,0.062253016496701535,0.6317148229461538,0.13484967095058353,0.0045869349188999734,0.03778175202579837,0.4951494917461766,0.008915385177387807,0.0003325166946556969,0.0025119737258628306,0.33364905809515244,0.13329052410649422,0.004631657534359248,0.04035103625855507,0.5281640480416463,-0.03854036951168332,0.0325,0.2266777032999358,0.2222531231867082
2017-12-31,2018-01-31,risk_on,11.039999961853027,-0.02513175356622779,-0.0122238833748167,0.28822232625100735,0.2864464535440912,0.22533122020490148,0.19999999999999996,0.041108531683489304,0.04719534226425237,0.03234937283169237,-0.0425404818197026,-0.27798738893088437,-0.042314062005085716,0.0006844742404706362,0.0006786137264910945,0.00012336334139630319,0.007747385772549076,0.01437395904988336,0.014250888256312984,0.002590630169322367,0.1626951012235306,0.07852136764800964,0.07249152691485719,0.07850795994015376,1.0821123009330065,0.18305793034983786,0.1965869510936216,0.03299831216219593,0.15034955344584244,0.014731675778717349,0.014389834416812035,0.0026256384153380825,0.16074489238622133,0.18761359130619737,0.19850367386678439,0.03344423186310782,0.14854732937387896,0.08295481376948642,0.0325,0.04504469791465571,-0.03995631137923891
2018-01-31,2018-02-28,risk_on,13.539999961853027,0.02486811742662812,-0.000896780987285226,0.4035984577289711,0.32107032206612746,0.1434310164650069,0.1319002037398946,0.0034986294328619386,-0.04850064623309647,-0.020759902030566213,-0.07677779755523073,0.01729762824029568,-0.034970931305730625,0.0012414353112733681,0.0006008000734549709,-0.0010974750193772894,-0.003196597137277759,0.02607014153674073,0.012616801542554389,-0.023046975406923076,-0.06712853988283293,0.07760658012002716,0.07425336856507722,0.0990293413826965,1.2135194001595833,0.3359269471276839,0.16991554439037682,-0.23272875579227165,-0.05531723668694973,0.02624277658864952,0.012739815357594293,-0.02093011883488485,-0.062026159881308246,0.3381514370052406,0.17157222094818297,-0.21135270155943892,-0.051112623228892366,0.022073151088126155,0.0325,-0.3061654923856578,-0.2533636716678404
2018-02-28,2018-03-31,neutral,19.850000381469727,-0.025484215321378595,0.005883645298885421,0.2962489360424594,0.2784198437526392,0.24004326407560794,0.18528795612929347,0.0019682484900960355,-0.036134074934586646,0.006320007324218446,0.03890738266393323,-0.32933289191308757,-0.060627029099961614,-3.638168581881345e-05,-0.000108577726269791,-0.001586493516047377,0.0028888343859067777,-0.0007640154021950825,-0.002280132251665611,-0.03331636383699491,0.06066552210404233,0.09402882996826542,0.08729986562512143,0.1594930716794243,1.080422556951453,-0.008125331373930065,-0.02611839360047628,-0.20888909772807987,0.05614981075109878,-0.0007410838931533145,-0.0023023635411193503,-0.03216053877096712,0.056931591365783844,-0.00788145394772464,-0.026373047938080922,-0.20164223080240573,0.05269381965369497,-0.10004819700355008,0.0325,-0.11564137788093479,-0.2051649003011812
2018-03-31,2018-04-30,neutral,19.969999313354492,-0.03587759423823711,0.012580060226199596,0.20613879000964175,0.29386120999035836,0.3,0.2,-0.036774777766570094,0.06186157410049398,-0.009539745360543694,0.008215463094478626,0.3250893147910252,0.07743121080506697,-0.0006915065033448412,1.7463751348304007e-05,0.0001809521861954624,-0.008483083620750335,-0.014521636570241666,0.00036673877831438416,0.0037999959101047104,-0.17814475603575705,0.11158530320909088,0.09327863849817637,0.16461872636597175,0.9257378357552757,-0.13013932975591525,0.003931648062396987,0.02308361869874244,-0.19243542734797617,-0.014078358928047758,0.00037031448140294936,0.0038511203750949993,-0.17568419532965707,-0.1261667847213484,0.003969981631005357,0.02339418157405367,-0.1897774818572936,-0.10175107561046566,0.0325,0.04484607018860393,-0.04604047406642167
2018-04-30,2018-05-31,risk_on,15.930000305175781,-0.012445321310129718,0.009896567762511905,0.32999577121545026,0.18437302549428705,0.28563120329026276,0.19999999999999996,0.02592628238606548,-0.0002978968807580973,-0.011959209467577003,0.03679832734267641,-0.18899090635565907,-0.029590691096139703,0.0008044361976580389,-0.00017063297259623973,0.0005858205957883934,0.004138332968025748,0.016893160150818817,-0.0035832924245210343,0.01230223251155626,0.08690499232854071,0.09975382419716103,0.08694233309079358,0.12173122959379264,0.734969319693158,0.16934849652911443,-0.04121458784386444,0.10106061158346814,0.11824302049073644,0.01701485721480133,-0.003618229525660114,0.01183121104122339,0.08799596167919695,0.1705684704495326,-0.04161643007534212,0.09719125552829125,0.11972739449305767,0.024013084367879738,0.0325,-0.12762493037758527,0.04184528880043602
2018-05-31,2018-06-30,risk_on,15.430000305175781,-0.05333778018782362,0.002239273695949506,0.30828944579089385,0.19585527710455308,0.3,0.19585527710455308,-0.005426214604298536,-0.0020352347109977575,-0.03614944763120931,0.04202194483355326,-0.14546906905498136,-0.023591802843933685,0.00015144428000637769,-0.0002822238346330512,0.0011419429282189793,-0.0032916040007010886,0.0031803298801339314,-0.005926700527294076,0.023980801492598566,-0.06912368401472285,0.07852840312166871,0.07191443046632286,0.10620108195441816,0.6326345609344893,0.040499102919569846,-0.08241323040261743,0.22580562317520647,-0.10926321178630764,0.003196188615857493,-0.005984485857435193,0.02523101152446593,-0.06539918827865052,0.040701051960848465,-0.08321675939904294,0.23757772576455635,-0.10337593346472695,0.016621688442472273,0.0325,0.17377929483205276,-0.17960538365205603
2018-06-30,2018-07-31,neutral,16.09000015258789,-0.009043486221976902,0.0037123300663210296,0.2853972965676078,0.2146027034323923,0.3,0.2,-0.013624330665087746,0.059938606070322864,-0.022418909632539896,0.006015925831502678,0.21493440684045195,0.05708681663489259,0.00011247189033391223,-0.0009941060135628035,0.001334371495007659,-0.004412385815755678,0.002361909697012157,-0.020876226284818875,0.02802180139516084,-0.09266010213086924,0.08115911626611999,0.06332716493675528,0.09328475926725449,0.4930003444748834,0.02910221064097688,-0.3296567327096977,0.3003899202320959,-0.18795139429276797,0.002326348837214979,-0.021079769491095857,0.03053419508556346,-0.09462373669625149,0.02866404840568868,-0.33287088585361724,0.327322440722445,-0.1919344230824817,-0.05018659243148758,0.0325,0.29886178681295006,0.07063934099737629
2018-07-31,2018-08-31,risk_on,12.829999923706055,0.005086505766592972,-0.0012683938886784174,0.4014652593365288,0.1849895216621337,0.2135452190013374,0.19999999999999996,0.026421339273868628,0.028529916787742637,-0.021381117106767933,0.025750287742020372,-0.09547787385747597,-0.006098236120420375,0.0012582730277918017,-0.0009135410392141078,0.00015937230758506695,0.004449804355309263,0.026423733583627835,-0.019184361823496265,0.003346818459286406,0.09344589146149451,0.07640698699986652,0.0667917791414062,0.09099223439215678,0.5311136931982272,0.34582876018490294,-0.28722639327933863,0.036781363614639295,0.17594329172495607,0.026620264145914604,-0.01937140935127535,0.0035115261146898783,0.09283933080772785,0.34840091451271477,-0.29002685061381217,0.038591492319618864,0.17480123746890008,0.024792176783645037,0.0325,0.16404400916583828,-0.021636786960526663
2018-08-31,2018-09-30,risk_on,12.859999656677246,0.009554122663069747,-0.00010511966442531657,0.46264395847203554,0.037933416173410804,0.2994226253545536,0.19999999999999996,0.019181546345767624,-0.06421384398677277,-0.006607347245926598,-0.026643251271460278,-0.0585456953892346,-0.04964551754515684,0.0011469091017715265,-0.0005416913306467862,0.0006726638936602658,0.0008406083573486497,0.024085091137202058,-0.011375517943582509,0.014125941766865581,0.017652775504321642,0.0704628966734678,0.08918614058901593,0.09086119387855868,0.49232767222845725,0.341812390268524,-0.12754804578889364,0.1554672700619115,0.03585574506592052,0.02468306378116812,-0.011486429243532438,0.015197067615446992,0.018237248142819126,0.3502987380089118,-0.12879163923533535,0.1672558654221379,0.03704290693283721,0.08275833938924874,0.0325,0.25275620940518767,0.11036463517297886
2018-09-30,2018-10-31,risk_on,12.119999885559082,-0.0071475223833058045,0.009866330194133525,0.3341248485157326,0.18793341617341083,0.2779417353108566,0.19999999999999996,-0.010400343741394683,-0.04975555226176587,0.021195453568376266,-0.02925141178515478,-0.046479119136965785,-0.03006724434508079,-0.00099390889155434,-0.00039730487562417724,-0.00020289223873804315,-0.0001904156904013153,-0.020872086722641143,-0.008343402388107723,-0.0042607370134989065,-0.003998729498427622,0.09152417644205688,0.0834230629461231,0.10027041274762699,0.40374613937058096,-0.22804998126211026,-0.10001313897448384,-0.042492465092597735,-0.009904068691929615,-0.020493428440553258,-0.008299599525570158,-0.004249988474822012,-0.004059794023360142,-0.22391273253933577,-0.09948806999486781,-0.042385269576170094,-0.01005531354352799,-0.06047283582130339,-0.017499999999999998,-0.008408982329301942,0.050903272282302736
2018-10-31,2018-11-30,neutral,21.229999542236328,0.011203536043561302,0.007259120045907704,0.20449146404986332,0.3199633283224558,0.29591182316181164,0.17963338446586924,-0.007349654750173525,0.047190650362856745,0.003386881324190627,0.04673108031392159,-0.3641157587086259,-0.040845303896887696,-0.0014465282462881985,0.0002571130023234378,0.0001022078187932907,-0.0009724553806704673,-0.03037709317205217,0.005399373048792193,0.002146364194659105,-0.020421562994079812,0.14572724755031952,0.08027472814301057,0.1401002877386764,0.29592074782434885,-0.20845170469278904,0.06726118136673268,0.015320198332944429,-0.06901024393937238,-0.030372778081576665,0.005371026340286035,0.0020441669420211616,-0.019273174272760013,-0.20842209396076714,0.06690806016455733,0.01459074049750752,-0.06512951327157394,-0.00047350267640422164,-0.017499999999999998,-0.1587137493445041,-0.18744708255235193
2018-11-30,2018-12-31,neutral,18.06999969482422,-0.013424980584576768,0.0036112100777281973,0.3524446240828256,0.2336760299455049,0.29795866312884933,0.11592068284282014,-0.008050797535944695,-0.001305554996896774,0.04942010593064938,-0.07951882723996861,-0.06834696548081165,-0.020527992053505608,0.0006998813817347871,0.00014311274885563322,0.0006037561332205638,-0.007932853792540433,0.014697509016430528,0.0030053677259682977,0.01267887879763184,-0.1665899296433491,0.14995517094582514,0.08364755791157452,0.1377445746647867,0.5430770477187248,0.09801268554947233,0.03592893565578246,0.0920463025747982,-0.30675192469122875,0.015133292221073388,0.0029895895454069643,0.013266704742954383,-0.1555888872209719,0.10091877542882899,0.0357403087435896,0.0963138096381658,-0.28649505235867717,0.09883380105560619,-0.017499999999999998,0.15454204184898346,-0.22012219758079465
2018-12-31,2019-01-31,risk_off,25.420000076293945,-0.022917410730934624,-0.0039358350160671645,0.4014214951304376,0.3315437604048241,0.14795866312884937,0.1190760813358888,5.6736310029247006e-06,-0.002909041610226759,0.02886597938144364,0.118546512099164,-0.07612356891843053,0.016878070683989162,0.0004220467006163125,0.0010281802972972216,-0.0013249553902716501,-0.002821037472189178,0.008862980712942562,0.021591786243241654,-0.027824063195704653,-0.05924178691597274,0.12119798940199962,0.0739813330440196,0.17169563166626287,0.7248242840871633,0.07312811670121926,0.2918545172793025,-0.16205457835868697,-0.0817326188106146,0.008914665945699231,0.021721336960701103,-0.026979574591702714,-0.056960027354054026,0.07355456959050964,0.2936056443829783,-0.15713605716041076,-0.07858460126758714,0.01943861944067105,0.020000000000000004,-0.1011700553416782,-0.12838682967452852
2019-01-31,2019-02-28,neutral,16.56999969482422,-0.028392295633423333,-0.010558971627102674,0.2514214951304377,0.34377067347984613,0.24868320130723354,0.15612463008248273,0.006426076364219347,-0.0035500297406173553,-0.006092201492828964,0.006953645037241607,0.11481101020191886,0.01666720721047786,-0.00035495839758874844,0.0011754563761626506,0.0017949725070966582,-0.003151501871414272,-0.007454126349363717,0.024684583899415663,0.03769442264902982,-0.06618153929969971,0.10442092271344057,0.07325791032986427,0.17873456339517504,0.5827036349606401,-0.07138537139553792,0.3369545184713351,0.2108961016436924,-0.11357667144837713,-0.007487936506544524,0.024832691402812156,0.040625929033263765,-0.06617170253239259,-0.07170915858590389,0.3389762455821631,0.22729755376659547,-0.11355979019568375,0.015119212990754157,0.020000000000000004,0.259234317989958,-0.0004954436645631249
2019-02-28,2019-03-31,risk_on,14.779999732971191,0.008556548443986135,-0.004657871290748871,0.15000000000000013,0.35,0.3,0.2,0.012563623113304962,0.0720407690525835,-0.0159689955774861,0.0421644071124645,0.06501500614248967,0.03086929026800468,2.6819685026128177e-05,0.0004743341628431983,0.0008058620350312125,0.0008342355034858294,0.0005632133855486917,0.009961017419707164,0.016923102735655463,0.017518945573202417,0.0874544686649927,0.0737710435899066,0.09850115160246928,0.4516177284419647,0.006440075551841314,0.1350261150578333,0.1718061409469981,0.038791536447519454,0.0005516246449893589,0.010020783524225406,0.01804860623941735,0.017795116556262303,0.006307563849052001,0.13583627174818028,0.1832324388679015,0.039403051376334694,-0.06858703324343558,0.020000000000000004,0.22168974593343937,0.05254710905324648
2019-03-31,2019-04-30,risk_on,13.710000038146973,-0.002479356104343001,0.0073521703087538635,0.3000000000000001,0.20000000000000004,0.3,0.2,0.023251993028129646,0.015397613710026459,-0.006638842503123743,-0.0016111403918706024,0.30333730263129777,0.06347563402108157,0.0012692994358303328,-0.00023834334615126053,0.0012676284998442027,0.001717670980529617,0.02665528815243699,-0.005005210269176471,0.026620198496728257,0.03607109059112196,0.09194421382432309,0.08578347427475091,0.08273687245045709,0.3201313392831985,0.28990718440822155,-0.05834702209828403,0.3217452836722642,0.1126759119300479,0.026837135521386193,-0.005035241530791531,0.02954672320401236,0.03671941858334191,0.291884985526807,-0.058697104230873744,0.35711675253019703,0.11470110569480589,0.022740624413093363,0.020000000000000004,0.36645415543436355,0.05991205899196614
2019-04-30,2019-05-31,risk_on,13.119999885559082,-0.023735358710038564,-0.0009223771463781098,0.3521729856181378,0.2021138084718172,0.24571320591004508,0.2,0.02434161236070767,0.01486612004915,0.017574298155487167,0.0013830774879908247,0.6024930171574248,0.12962589804877275,0.0008070578691179583,-0.00027892492589082235,0.00022287634740673272,0.004256966455050681,0.016948215251477123,-0.005857423443707269,0.004680403295541387,0.0893962955560643,0.08585965179683341,0.07950693101750735,0.09900273137890772,0.4230164953788985,0.19739440932722474,-0.07367185940578527,0.04727549664895948,0.2113305190994774,0.017041462100125186,-0.005892567984369513,0.004951363143270932,0.09157211909525163,0.19848044737532575,-0.07411389056221998,0.05001238929783514,0.21647410939195152,0.01833956108150016,0.020000000000000004,0.19297471508325215,0.08113026480024416
2019-05-31,2019-06-30,neutral,18.709999084472656,-0.07831322334754065,0.0014342730127346248,0.3277371307720209,0.239682076472943,0.23258079275503618,0.2,0.05157427807717335,-0.011234793631261009,0.08002914919849013,0.015543241327021784,0.2615491060090267,0.07142437422035873,0.0010972915514211282,8.19504186747833e-05,-4.12281243502118e-05,0.010177722886231573,0.023043122579843693,0.0017209587921704493,-0.0008657906113544478,0.21373218061086302,0.12106350410745394,0.060282277230622,0.10599233646430273,0.6547395919752956,0.19033913440495662,0.028548337442306213,-0.008168426513043595,0.3264384546626401,0.023199002307836128,0.001731284544923472,-0.0009354150974717469,0.2188685266713094,0.19162672085920363,0.028719627466960048,-0.008825308778685018,0.334283323253755,0.02254898794673849,0.020000000000000004,0.26805744639333406,0.08010564195755543
2019-06-30,2019-07-31,risk_on,15.079999923706055,-0.010390850766242665,0.0015627619424701702,0.235137950532027,0.3369751567547141,0.22788689271325896,0.2,0.07249639221579769,-0.05690543450834362,7.514839229938453e-05,0.017048124398877817,-0.06762659176635244,-0.02299557836057258,0.00020678149924191185,0.0018181027081916636,8.358889760890681e-05,0.01380430441286678,0.004342411484080148,0.03818015687202493,0.001755366849787043,0.2898903926702024,0.12421360458684381,0.09037008803358983,0.1127894786989102,0.7487819307191375,0.03495922607289088,0.42248666237697674,0.015563214495147797,0.3871492897695713,0.004276707816531047,0.03840923781325708,0.0018463883126171906,0.2906352463826924,0.034430268977026515,0.4250215823512386,0.01637021762948383,0.38814404362504246,-0.05043562222663608,0.020000000000000004,0.1728441414609717,0.008564774035559851
2019-07-31,2019-08-31,neutral,16.1200008392334,-0.014146363191985228,0.008083426368538699,0.15562788789659748,0.35,0.29437211210340264,0.2,0.012874746540533093,-0.00852221622593985,0.07912313456129927,0.03746214097399769,-0.0451101181165221,0.028372588524140315,-0.0013579444432224763,0.0010580480712712005,0.00040734759290473135,0.0015607154124556498,-0.028516833307672004,0.02221900949669521,0.008554299450999359,0.03277502366156865,0.09866332670004149,0.12432019560050887,0.11294866322451066,0.8210320849934813,-0.28903174321670233,0.17872405516553308,0.0757361725830768,0.039919297017276575,-0.027887554591994823,0.022352323553675384,0.009025469018771408,0.03367334069360179,-0.28265370249250976,0.1797963994965263,0.07990770993748969,0.04101342847505057,-0.07355640425753779,0.020000000000000004,0.18359951447845843,0.09136195103005595
2019-08-31,2019-09-30,neutral,18.979999542236328,-0.02524266421118671,0.008564399696255514,0.17500000000000007,0.3499999999999999,0.29999999999999993,0.17500000000000007,0.01154121385437247,0.0409316848762844,-0.03394786005434791,0.01927043751466706,-0.13880620170759939,-0.023228660210101778,-0.00048585934268940143,0.0014192214159334429,0.0008870205802829561,-0.0009280379666598312,-0.01020304619647743,0.0298036497346023,0.018627432185942077,-0.019488797299856454,0.11797531648304792,0.13536273891013384,0.11142324213524044,0.7085035416084429,-0.08648458423880155,0.22017617236888717,0.16717725879249637,-0.02750698642326196,-0.01020440653194112,0.029982471633009915,0.020297792215012246,-0.018606958506256988,-0.08649611491745741,0.22149722940310052,0.18216838629031917,-0.02626233662010428,0.00044442134812620047,0.020000000000000004,0.2989068331044167,-0.15082832460642473
2019-09-30,2019-10-31,neutral,16.239999771118164,-0.019320839250176337,0.007910738249165352,0.32500000000000007,0.25703957077238715,0.29999999999999993,0.1179604292276129,-0.00022492484241602023,0.03512150849411766,0.02563546974700781,0.011260456935498375,0.10920318227380155,0.034263611735596035,0.0010043237646948763,0.0001906965435023194,0.0007125016201139411,-0.0056117784023902596,0.021090799058592402,0.004004627413548708,0.014962534022392764,-0.11784734645019546,0.17393869273182844,0.12896063619848905,0.10509822020781935,0.4886451634166456,0.12125421162679044,0.03105309908199435,0.14236714944178994,-0.24117162160410532,0.021612871222132988,0.0040286551780299995,0.015817710958965926,-0.11046030571750136,0.12425568390038914,0.031239417676486313,0.15050408016128405,-0.22605422909571882,0.08251183562560716,0.020000000000000004,0.19051517505731586,-0.20894377218231772
2019-10-31,2019-11-30,risk_on,13.220000267028809,-0.04246888239335528,-0.0028679584879028807,0.41228682034552566,0.1454205530292851,0.2616190177431019,0.18067360888208722,0.02195717942660092,0.01503686451537245,-0.03208588289288539,-0.013043757225193131,-0.17717702320767492,-0.033890152922557364,0.001335848225047748,0.00010592264604890326,0.0005873242745795003,0.0017498602432078326,0.028052812726002706,0.0022243755670269686,0.012333809766169506,0.03674706510736448,0.1618448068144086,0.10692622411126859,0.07767136571302229,0.5288489555898845,0.17333155927685434,0.020802900182019513,0.15879481006861754,0.06948499135519018,0.028372693363329485,0.0022377218204291303,0.01328924971181641,0.03574047551465447,0.17530802453158195,0.020927717583111627,0.17109586769617402,0.06758163202721865,0.03800933622962261,0.020000000000000004,0.2582170374930396,-0.0913079352749254
2019-11-30,2019-12-31,risk_on,12.619999885559082,0.0068027008607194255,-0.0005085745719387423,0.4999999999999999,0.1085511088514036,0.2828977822971929,0.1085511088514036,0.004902297904696995,0.009323152479122854,0.03655877893383974,0.00769000623722893,-0.04967624144643579,0.005413146848866051,0.0009077209755749085,-0.0003131865923668639,0.00018643752398932173,-0.0023133729613757452,0.019062140487073078,-0.006576918439704142,0.003915188003775757,-0.04858083218889065,0.085469463115063,0.0869882701171617,0.08491894690224176,0.5052345919574737,0.2230286676939895,-0.07560695747651841,0.04610499949184368,-0.09615499999845571,0.0190865838901745,-0.006616379950342367,0.0040303627462917125,-0.04664124942204198,0.22331465759272698,-0.07606059922137752,0.04746128977472418,-0.09231602539591716,0.004274336892718302,0.020000000000000004,0.09805807741959666,-0.13308285589587004
2019-12-31,2020-01-31,risk_on,13.779999732971191,0.004712074921354634,-0.012903247481225557,0.4667992850687363,0.2585511088514036,0.22307541185708665,0.05157419422277352,0.011127224788042352,-0.016957836258966852,0.044996558496903205,0.012285812874614388,0.29984019674608975,0.02192268356165411,0.0007468410346710531,0.000695874228018535,0.00029301688373527447,-0.0014019511164196686,0.015683661728092116,0.014613358788389236,0.006153354558440764,-0.029440973444813043,0.07586775691568862,0.07454380169889296,0.09629885941267122,0.3866383775060512,0.20672367769514097,0.19603720839751934,0.0638985196291026,-0.07614601953049079,0.015773111711224048,0.01470103894111957,0.006231365508380455,-0.027662804049093784,0.20790270270877537,0.19721343164790445,0.0647086117778101,-0.07154696910205413,0.01901128802757202,0.020000000000000004,0.042259307070526206,-0.20132592864752794
2020-01-31,2020-02-29,neutral,18.84000015258789,-0.09577633188547115,-0.00470106378789893,0.31679928506873634,0.2917299276278287,0.260767089882074,0.13070369742136106,0.023711953696282057,-0.0635632233641571,-0.006361728631845809,-0.07026493476797058,-0.08031850219040504,-0.0508133981196147,-0.00021308326816353996,0.0009654390599414503,0.0007209702445397502,0.005293690127760567,-0.0044747486314343395,0.020274220258770455,0.015140375135334755,0.11116749268297191,0.08887093464316595,0.06876509911448081,0.09201740891161106,0.42848360243249783,-0.05035109228232294,0.29483299696867643,0.164538159837538,0.25944398350806186,-0.004393675981672821,0.020395865580323077,0.016325506582157857,0.11397250550718231,-0.04943884071113106,0.2966019949504885,0.17741758625087573,0.26599035496378703,-0.06039270317293869,0.020000000000000004,0.2609207579578023,0.0841077056044838
2020-02-29,2020-03-31,risk_off,40.11000061035156,-0.18155410651770093,-0.011682985712692941,0.22500000000000003,0.35,0.22500000000000003,0.2,-0.024949942739474932,-0.23246367755038266,-0.002224031676742455,-0.19391831593492703,-0.25127763815543236,-0.14696988725214102,-0.0022314438508710204,0.00012034427844648948,-0.002649269166803666,-0.0008531822146206438,-0.04686032086829143,0.002527229847376279,-0.05563465250287699,-0.01791682650703352,0.13676708652151004,0.11570313524126952,0.1610766023440961,0.42698794503264836,-0.342628640121843,0.021842362716501872,-0.3453925132095149,-0.041960965679402405,-0.04576150265910025,0.002542393226460537,-0.0538603787270222,-0.017124285284292835,-0.3345944102706546,0.021973416892800884,-0.33437742007969745,-0.04010484484048719,-0.07816266077787408,0.020000000000000004,-0.10630507522645405,-0.14744821437910344
2020-03-31,2020-04-30,risk_off,53.540000915527344,-0.14460781019543312,-0.026439894520281376,0.22500000000000003,0.35,0.22500000000000003,0.2,-0.03874454196066584,0.14680008032624792,0.07261060302877476,0.08962084886513422,0.344778962235476,0.14756421257522734,-0.006164738733850923,0.0010750675377538736,-0.0024649928522077883,-0.0017362715042370204,-0.1294595134108694,0.022576418292831347,-0.051764849896363554,-0.03646170158897743,0.45983031869184243,0.23093371329808687,0.6464654894447187,1.0272134318101116,-0.281537576250224,0.09776146570548552,-0.08007364776861786,-0.0354957406706863,-0.1257184223577986,0.022618749077130407,-0.05073773802204566,-0.03479234026098257,-0.2734017685381233,0.09794476845368331,-0.07848483615981856,-0.033870604865118434,-0.09632589511331348,0.0062500000000000056,-0.06613959577939058,-0.15261322202431335
2020-04-30,2020-05-31,risk_off,34.150001525878906,0.014681898360366584,-0.01403966601438623,0.23151537740178457,0.29869020027836496,0.26979442231985057,0.2,0.05298333305043891,-0.028357343873711804,0.025881615436821104,0.0173430200846727,0.09268347920493625,0.024381169655330236,0.0007146406600932017,0.001469173732191501,0.0011201862410376079,0.007593946579725604,0.015007453861957235,0.030852648376021523,0.023523911061789766,0.1594728781742377,0.5261211571589194,0.25641361453610156,0.7227845476669549,1.0639327324854617,0.02852471081565744,0.12032375282349779,0.03254622852373032,0.14989000084779028,0.015119044206027912,0.03115346169768773,0.02425613100603281,0.1681681962939607,0.02873681090430103,0.12149690941352688,0.03355928275490688,0.15806280900964637,0.02478553770615511,0.0325,0.10375541469553251,0.18175124236951493
2020-05-31,2020-06-30,risk_off,27.510000228881836,-0.07163325348189747,-0.005762888515968273,0.26929959002856957,0.23070040997143051,0.3,0.2,0.04280964142831874,0.07534208943381193,0.027377026301763863,0.024249124034267933,-0.034146858566219684,0.02705085048507338,0.001099716229666794,0.0007662008679188738,0.0016289041258176304,0.005292002447396525,0.023094040823002673,0.01609021822629635,0.03420698664217024,0.11113205139532702,0.332783166546284,0.15765727176143546,0.39639778837814726,0.5714974417290544,0.06939666168418022,0.10205820541309264,0.08629459508875507,0.19445765331704576,0.02346489950825609,0.01624709785400274,0.032860104895287366,0.11442155003166599,0.07051107708295863,0.10305327291587028,0.0828967917044486,0.20021358220867239,0.05352877077622888,0.0325,-0.13124821165650852,0.09866636417479387
2020-06-30,2020-07-31,risk_off,30.43000030517578,-0.07898447807599904,0.007239600067922046,0.399914776277955,0.2500852237220449,0.14999999999999997,0.19999999999999996,0.024740285356045697,0.07487314384298571,0.10790463097013703,0.03641930863954834,0.23916341296986632,0.1102238092359117,0.0016903701008698171,0.0009618472985280772,0.00041892033358952334,0.0009712765776388873,0.03549777211826616,0.02019879326908962,0.00879732700537999,0.020396808130416635,0.22643727842685296,0.11877462387247698,0.31478181888212986,0.521700085784074,0.15676646692136056,0.1700598377880461,0.027947379669580448,0.03909680808229472,0.035392937644696504,0.020554797000457325,0.00889688405055327,0.02055571501021854,0.15630349335844734,0.1730571424290604,0.02826365284420925,0.03940140239640736,-0.009844230338398496,0.05875,0.03772246013377913,0.025969239694410215
2020-07-31,2020-08-31,neutral,24.459999084472656,-0.08998297877507898,-0.01005934511941731,0.25105691034158617,0.32180267300766136,0.2271404166507525,0.19999999999999996,0.060282807453239495,0.02836061021166092,-0.0032356731296191432,0.004423150592920644,0.03155866679660524,0.013395288540957189,0.0018620365331979633,0.002691508241834366,0.0014307263686722776,0.005744405191978008,0.03910276719715723,0.056521673078521684,0.03004525374211783,0.12063250903153817,0.1482813791570552,0.10926594348229934,0.25588720143556015,0.37405191048329156,0.26370652484787555,0.5172853615424826,0.11741600820033236,0.3225020529254232,0.039485536284651006,0.057305911292486175,0.033461134675541536,0.121640596027815,0.266287894738483,0.5244626959338845,0.13076517499828152,0.32519709863438473,0.03262932650979575,0.04625,0.37897066457846534,0.027855592282433145
2020-08-31,2020-09-30,risk_off,26.40999984741211,0.07275540081722946,-0.01243305063415558,0.3372934906591263,0.23896058601580542,0.22374592332506837,0.2,0.03633905751186886,-0.012289808589462048,-0.04171404337762574,-0.026643005279002874,-0.0767351159920946,-0.03542157170400243,0.0018115874024682446,0.0011059996825673493,0.000970674936018034,0.0030336990375360185,0.03804333545183314,0.023225993333914334,0.020384173656378714,0.0637076797882564,0.11707943133341378,0.18157288800424196,0.14735263844596735,0.3555660117227474,0.32493611404290956,0.1279155362301211,0.13833599365004498,0.17917258030256408,0.038219711332626534,0.023635351466424575,0.021378770958308185,0.06508233689887463,0.3264425774650893,0.130170047556177,0.14508576964604236,0.1830386897317469,0.0154539447096855,0.05875,0.16264207691968216,0.0719252432980951
2020-09-30,2020-10-31,risk_off,26.3700008392334,0.0014792708976441881,-0.005297171344773141,0.3578870617581337,0.22105646912093319,0.22105646912093319,0.2,0.0018131478521058054,0.03510547566305933,-0.005194208414113222,-0.030015332556221574,0.2778530621093167,0.06035111115226627,0.00012161771785474057,-0.00020251288895841894,-0.00026443902049293465,0.000725955641959629,0.002553972074949552,-0.004252770668126797,-0.0055532194303516275,0.015245068481152209,0.14228289799626007,0.18555115158530044,0.18010823568664472,0.4019237084551382,0.01794995822348715,-0.022919667335892225,-0.030832679078669174,0.03793025432550175,0.0024772630449149033,-0.004327725751152532,-0.005619505334717396,0.015627336205657975,0.017410827863374126,-0.023323626472687323,-0.03120071280079776,0.03888134956189643,-0.100117291528026,0.05875,0.03978827368947825,0.08358281564480377
2020-10-31,2020-11-30,risk_off,38.02000045776367,0.07365794672788359,0.01063941785384852,0.29664352909303726,0.25167823545348134,0.25167823545348134,0.2,0.01666378701306258,0.11394126298522589,-0.054086259616089594,0.09674918338304117,0.42412327779021375,0.12936192329225077,0.00027679673522254414,-0.0004510541409808163,-0.0013421743271819775,0.005502827253042642,0.005812731439673427,-0.009472136960597143,-0.028185660870821527,0.11555937231389547,0.1481728600696422,0.10896873080923411,0.1884683789981793,0.3833533871275211,0.03922939354036499,-0.08692527562957048,-0.14955113966939682,0.3014434623358501,0.005668271912861294,-0.009564490295962964,-0.026576016728161407,0.12039054932599118,0.03825445435957145,-0.08777279706695877,-0.14101048074710795,0.3140458735165517,-0.08284087455922379,0.0325,-0.19036206034424444,0.13935627246147542
2020-11-30,2020-12-31,neutral,20.56999969482422,-0.01516920833763966,-0.006918164251104143,0.3500461932034062,0.17696261657093157,0.27299119022566226,0.19999999999999996,0.049875240632317686,0.07809420110608278,0.07013861264675048,0.02734055846325467,0.47773174072601177,0.14275856996659003,0.0019480719189243568,-0.0015384066542915565,0.0010830693722361233,0.007758868708432044,0.040909510297411494,-0.03230653974012269,0.02274445681695859,0.16293624287707292,0.12480341232641869,0.14337608359243245,0.1749930960379698,0.43010831423516344,0.32779160068487706,-0.22532725773120407,0.12997345227850318,0.37882607121141787,0.041341616422619826,-0.032621528502588884,0.022936760002799195,0.1745751140499052,0.3312538948413715,-0.2275241984940833,0.13107237097983798,0.40588639715170804,0.035208286293898175,0.0325,0.02818315797239595,0.2381068604364715
2020-12-31,2021-01-31,neutral,22.75,-0.011853424466782485,-0.0043174956464393545,0.33106139391927564,0.23144080746388784,0.23749779861683654,0.19999999999999996,0.08306623014408575,-0.024828822616982715,-0.03223816988295214,0.00035316437963661684,0.14180671257315636,0.012764125583523673,0.002230549298682657,0.0004796461476621641,0.00058361611778437,0.01413791215913357,0.046841535272335796,0.010072569100905445,0.01225593847347177,0.29689615534180497,0.11979147380301687,0.1465908422140257,0.15667868529975343,0.544417471206262,0.39102561964769916,0.06871213064046172,0.07822339362896771,0.5453464869229384,0.048019280745988616,0.010170776649639272,0.012471988302981553,0.30926448799328654,0.4008572498653012,0.06938207391420621,0.07960232930931531,0.5680649581433368,0.08381062283045927,0.0325,0.05876058368967502,0.1388626116005938
2021-01-31,2021-02-28,risk_off,33.09000015258789,0.05096162927926978,0.0021020294577854515,0.25000000000000006,0.25000000000000006,0.29999999999999993,0.19999999999999996,0.034290359567965556,0.06560887791929915,-0.06256881416817595,0.034251279407295776,0.3630875059394083,0.08365290094785117,-0.0003188677044679797,-0.00034001539333807206,0.0004455077255476601,0.008246179329173145,-0.006696221793827574,-0.007140323260099514,0.009355662236500861,0.17316976591263603,0.12594091749875955,0.13289104145094835,0.1394621439651273,0.7298346588719368,-0.05316954907759448,-0.0537306592087706,0.06708388362966984,0.2372725983996081,-0.0064230948630657324,-0.007266171457558768,0.009817148579513534,0.17383765787133817,-0.05100085810577803,-0.05467766207732518,0.07039292743103337,0.23818772616256537,-0.135960714948044,0.05875,0.16442318792149802,0.012856207994935372
2021-02-28,2021-03-31,risk_off,27.950000762939453,0.06569345479222648,0.010221065960568381,0.2685037180484783,0.2375611869540193,0.2939350949975024,0.19999999999999996,0.028057392025757362,0.0111190124917242,-0.01143310594301572,0.05152045970005159,0.3053111095899199,0.07647532711089518,0.0002674109183854029,-0.001745555186000738,0.00044942006801302405,0.007925570432758539,0.005615629286093462,-0.0366566589060155,0.009437821428273504,0.16643697908792932,0.17840233120639998,0.14437648743789883,0.13354575223973975,0.8334447623316279,0.031477331311307484,-0.25389632035328996,0.07067107167385481,0.19969767237160224,0.005497416833903123,-0.03701406133034915,0.010015692320873121,0.1621522801800855,0.030814714116840586,-0.2563718094767345,0.07499820962401761,0.19455672110344976,-0.07016871791678506,0.0325,0.2040975582452575,-0.08581223818816873
2021-03-31,2021-04-30,neutral,19.399999618530273,0.08178444345324946,0.007565163588798634,0.2745575176307305,0.22544248236926961,0.3,0.2,0.036836260882214235,-0.004057028265849416,0.03563388790323185,0.07859776507417249,-0.019835020649767054,0.026531829928041886,0.00048293824514971545,-0.001451390690747408,0.0013511478018340094,0.007651852413387049,0.010141703148144025,-0.030479204505695568,0.028374103838514197,0.16068890068112804,0.19566976521601406,0.12608667367316934,0.13068915019550145,0.7308642474455707,0.051830711489574605,-0.24173216421507837,0.21711139598098697,0.21986148760559662,0.009834818166140383,-0.0307763767496261,0.029932083105236252,0.16047357730682912,0.050262329263200234,-0.24408905281617538,0.22903265543053908,0.21956687287372065,-0.10086569534421296,0.0325,0.18302830820537352,-0.004466671798450207
2021-04-30,2021-05-31,neutral,18.610000610351562,0.04084237983730481,0.004622475964384516,0.2990612962404109,0.20093870375958922,0.3,0.2,0.02261268360883428,0.06504638890590875,0.07678377966625938,0.008074252763744294,-0.3535455959448174,-0.033405152821981185,0.000657712757630693,0.0002587187538212693,0.0018986093642956925,0.001084229707365846,0.013811967910244551,0.005433093830246655,0.03987079665020954,0.022768823854682766,0.1733675776133848,0.11616355881825366,0.11644100805794608,0.5498958768555772,0.0796686906535989,0.04677106904711077,0.34241198453355975,0.04140570026616638,0.013808645784679222,0.00548606649509156,0.04275996325999632,0.0227635001644096,0.07964952833033717,0.047227086970320103,0.3672242620805646,0.04139601899649837,-0.000801750478743607,0.0325,0.24154409179344352,-0.0007793830000682872
2021-05-31,2021-06-30,neutral,16.760000228881836,-0.016791087652779525,0.0022263936787881434,0.32664639111710514,0.3233536088828949,0.29999999999999993,0.05000000000000003,0.019047030113103817,0.008900852032429851,-0.07147662098325513,0.026375250568414055,-0.06139416614324,-0.015361925288067624,0.0012658597489379737,0.0014623981121064385,0.0012165096785090557,-0.007543860120613996,0.02658305472769745,0.030710360354235206,0.02554670324869017,-0.1584210625328939,0.14438889266056654,0.10320371137300566,0.11082827057364888,0.7549517947225152,0.18410733843765698,0.29757030968818354,0.23050710000670432,-0.20984261993988906,0.026782071350648234,0.031009786367689,0.027149201275215466,-0.15746247110941414,0.18548567592112697,0.30047162020764334,0.2449663893038371,-0.20857288135501412,0.02495532398231411,0.0325,0.20909391072570332,-0.020169696464882064
2021-06-30,2021-07-31,risk_on,15.829999923706055,-0.029589798185966493,0.006971670679439946,0.44306735007312414,0.1733536088828949,0.3,0.083579041043981,0.005186028351359688,0.002642865164742547,0.025297363508325343,0.044208715166063284,0.18793385485283132,0.03452630244265104,0.0007432476955311437,-0.0010628670780199498,0.0008078344945829822,-0.0018331762669793004,0.015608201606154018,-0.022320208638418944,0.016964524386242626,-0.038496701606565306,0.09757344628254842,0.1177389006100059,0.12395095330861391,0.8704536208240468,0.15996361921005178,-0.18957378167095004,0.13686481574695306,-0.044226022714594485,0.015309301352724116,-0.022537830672643526,0.01823797610546454,-0.037825293747317475,0.15690028318147325,-0.19142212604224176,0.14713865136684753,-0.043454691717530886,-0.06383401516974488,0.0325,0.2502185718519405,-0.05813553120382374
2021-07-31,2021-08-31,neutral,18.239999771118164,-0.02899691176943205,-0.0051808240585891376,0.2930673500731242,0.22658259203298156,0.3,0.18035005789389438,0.03237115428549672,0.08685815441979705,-0.0007655451490132803,0.02154499529897347,0.13310109525758596,0.05575011876900886,0.00026903350826033303,7.20725707645848e-05,0.001023575298330755,0.005718675934859029,0.005649703673466994,0.0015135239860562808,0.021495081264945853,0.12009219463203961,0.06788706933680544,0.1078247951142744,0.11832055837097384,0.6684693539714951,0.08322208822179879,0.014036882559825173,0.1816681865001998,0.17965250601026145,0.005565049999485318,0.0015282808449203294,0.02343138111487161,0.12955096290133333,0.08197511033913771,0.014173742164783466,0.1980330505321529,0.1938023966718116,-0.04994579000620251,0.0325,0.30027022245370955,0.26254185512153677
2021-08-31,2021-09-30,neutral,16.479999542236328,0.010852758595452082,-0.0027990325970380305,0.35591581347649953,0.17478328746519667,0.26930089905830396,0.19999999999999996,0.036175901396144766,0.028364786427603095,-0.032235259249241865,-0.05681476514032935,-0.07157155076344957,-0.025153286033174842,0.0015248175097915787,0.000250829339483293,0.0008857723461573377,0.004143588534700372,0.03202116770562315,0.005267416129149153,0.01860121926930409,0.0870153592287078,0.07651617948095672,0.10149437452442302,0.10001993585399237,0.5098114414397641,0.4184888467097675,0.05189860180754779,0.1859751169652606,0.17068145623206646,0.03240642202582421,0.005318773436408356,0.019453506191061294,0.09236731962686846,0.42352378602344476,0.05240461317517137,0.19449628741473338,0.18117937754792812,0.040104129841315894,0.0325,0.1527295799660567,0.20501975917813825
2021-09-30,2021-10-31,neutral,23.139999389648438,0.08439721990402892,0.012352325936917936,0.4999999999999999,0.16666666666666666,0.16666666666666666,0.16666666666666666,0.004104790344287777,0.003036641123717043,0.014797178527087729,0.07133033419587087,0.4002672858735885,0.0825841203279497,0.0013431172353674892,-0.0010260599741757255,-0.0006093092825590553,-0.0011936847075924226,0.028205461942717273,-0.021547259457690236,-0.01279549493374016,-0.025067378859440874,0.07868521145518706,0.11951710210505517,0.10014076127663589,0.5667608032758977,0.35845950491956036,-0.18028599320246452,-0.12777509148740127,-0.044229203421532554,0.02822548539705761,-0.021757345237402713,-0.012585357206907514,-0.025705011681135932,0.35871398036634417,-0.18204378163618853,-0.12567666798678348,-0.04535425091601262,0.002366380239992867,0.0325,-0.05474263348697314,0.08478918960380466
2021-10-31,2021-11-30,neutral,16.260000228881836,-0.04770639138240051,0.0033046071426944866,0.35,0.21615327311610671,0.24707738150711475,0.18676934537677867,0.029894992423183483,-0.03895794431516364,-0.006900653696985559,-0.021093106419950103,-0.07034580264960599,-0.03347694840651462,9.05927605416724e-05,6.996617036929159e-05,0.0008679875954223674,0.005922337212097809,0.0019024479713751203,0.0014692895777551234,0.018227739503869717,0.12436908145405398,0.0973322044105169,0.10788908801311982,0.12139432276744629,0.5930586485899144,0.019545925039889035,0.013618518840167144,0.1501531462784169,0.20970789609047952,0.001872314909582579,0.0014836151511382358,0.01855936433491315,0.13028580649822707,0.01923633519781118,0.013751299398858772,0.15288494479652984,0.21968452328956176,-0.05279699672200162,0.0325,0.06064471698443093,0.15857974171174033
2021-11-30,2021-12-31,risk_off,27.190000534057617,-0.13437317869736504,-0.00518188424779458,0.25000000000000006,0.25000000000000006,0.29999999999999993,0.19999999999999996,-0.0020330902945628997,0.021836378277336532,0.032990977123064535,0.09705599825702849,-0.18768354629620265,0.005286929067968289,-0.0010858211177312029,-0.0003684441944172445,0.0001891472977934726,0.0010257060087693244,-0.02280224347235526,-0.007737328082762135,0.003972093253662924,0.021539826184155814,0.11645596411723452,0.10684102079665952,0.11479637817772238,0.5334762755009747,-0.19580142283997212,-0.07241907672791581,0.03460120708262691,0.040376352563997873,-0.022381811559704614,-0.007812767031569065,0.004190154098418472,0.0212925406186499,-0.1921912005912653,-0.07312516272601298,0.036500751721726545,0.039912816364054034,-0.06146060630106616,0.0325,0.18299406285292993,-0.03826796053532525
2021-12-31,2022-01-31,neutral,17.219999313354492,0.02093181582558513,-0.004370883390071449,0.18083931337457415,0.3383213732508519,0.3,0.18083931337457415,0.004443368977207915,-0.0008183202904038511,-0.016787612677039654,-0.08421698885220497,-0.1689466824694521,-0.06164489136428599,-0.0002020936560410716,0.0003551100662033028,0.001791639234767033,-0.00257254950203999,-0.004243966776862503,0.007457311390269358,0.037624423930107696,-0.05402353954283978,0.13631567872316083,0.093209876707669,0.1413180897974916,0.49388500410555924,-0.03113337230621461,0.08000559225775475,0.2662392619658487,-0.10938485496371378,-0.004228555378156105,0.007530020176324484,0.040285078141796805,-0.052118270109318424,-0.031020315621534213,0.08078564678226785,0.2850666761737666,-0.10552713622821207,-0.012104554941711164,0.0325,0.23572048275801077,-0.11755797871595797
2022-01-31,2022-02-28,neutral,24.829999923706055,0.02708929737633067,0.006463748523952338,0.26666666666666666,0.26666666666666666,0.26666666666666666,0.19999999999999996,-0.031264595079172515,-0.03148523378512058,0.061217257237826006,-0.03482657375782816,0.12239415003329368,0.023120283258626,-0.0007654759087562681,-0.00034389417111738954,-0.0010422344838024067,-0.004601959808621093,-0.01607499408388163,-0.00722177759346518,-0.02188692415985054,-0.09664115598104295,0.13520514842934805,0.0931846599700325,0.1636953387309159,0.47095067616068753,-0.11889335776500905,-0.07749963991699546,-0.1337052376050151,-0.20520441072276782,-0.015437227871174119,-0.007292189925001465,-0.02262653501002111,-0.095848371654267,-0.11417633167453603,-0.07825526140618616,-0.13822345330928965,-0.2035210405379346,-0.13224809692610265,0.0325,0.11264120451840612,-0.02734460691990115
2022-02-28,2022-03-31,risk_off,30.149999618530273,-0.05595481013166385,0.007081123751116642,0.22500000000000003,0.35,0.22500000000000003,0.2,-0.014200704107851401,0.03994602765117583,0.0127255799503041,0.06263892343864108,0.05430112933630005,0.03839579284507525,-0.0011603065851959686,0.0008533204898819378,-0.00038853141769307854,-0.0028881076566213302,-0.02436643828911534,0.017919730287520693,-0.00815915977155465,-0.060650260789047936,0.18382658901192248,0.10054213348093673,0.16363271270609092,0.5020955069869272,-0.1325512180805085,0.17823105266528247,-0.04986264443473313,-0.12079427109995441,-0.02361685107276464,0.018094447657824017,-0.00768106287751684,-0.06745865074638237,-0.12847353149349314,0.17996880542876895,-0.04694087600511268,-0.13435422107479394,-0.10254367194972802,0.0325,-0.19532113086145753,0.37418855081350133
2022-03-31,2022-04-30,neutral,20.559999465942383,-0.005980425845510062,-0.004858825311116574,0.2750092686014236,0.2249907313985765,0.3,0.2,0.03498957881948142,-0.020738872228345695,-0.020702963524693363,-0.04087848467686128,-0.17180562778839814,-0.05698602794941255,0.0008462139540174071,0.00048414426451923355,0.0014501556726419257,0.0041327874528166,0.01777049303436555,0.010167029554903905,0.03045326912548044,0.0867885365091486,0.19680450434613161,0.14721895290053552,0.1772481885616001,0.5922442608817273,0.09029515403322042,0.06906060228381723,0.17181145473256465,0.146541794056288,0.017818907093767697,0.010266158093064217,0.03196637225113153,0.09094756059498127,0.0905411548021713,0.06973394315608444,0.18034808993278975,0.1535642750840328,0.009081357376808645,0.0325,0.1656202184639533,0.1597378430039647
2022-04-30,2022-05-31,risk_off,33.400001525878906,0.021585318207392613,0.01189188289408016,0.26666666666666666,0.26666666666666666,0.26666666666666666,0.19999999999999996,-0.01748253252683271,-0.03028787966341817,-0.03261547766106776,-0.04685396354665605,-0.15703524015723203,-0.06067566693041759,-0.0002524689250602787,-0.0004682957259970267,-0.0010163191378780166,-0.0018778650465298128,-0.005301847426265853,-0.00983421024593756,-0.02134270189543835,-0.03943516597712607,0.1540691430736461,0.14659173406279002,0.1823475565529045,0.5468474681726961,-0.034412130297444006,-0.0670857078593889,-0.11704407944312757,-0.07211364826996386,-0.0050921127972984506,-0.009966972084257718,-0.01961003379639525,-0.04118717106356168,-0.03305082832105054,-0.06799136491549065,-0.1075420705772155,-0.075317476006956,-0.13186260819725892,0.045000000000000005,-0.27061055148683366,0.1480916032703605
2022-05-31,2022-06-30,risk_off,26.190000534057617,0.030434822795822387,-0.0010799195925037491,0.41666666666666674,0.2023809523809524,0.2023809523809524,0.17857142857142858,-0.009713096833989559,-0.04849698926782653,-0.015659651077124748,-0.07448882378531962,-0.3776883082049305,-0.10589575381082668,0.00010615502402819678,-0.00039800225446357294,-0.00023112183201700874,-0.0021065930624956358,0.0022292555045921323,-0.008358047343735032,-0.004853558472357184,-0.04423845431240835,0.16856351189423877,0.1044782203131206,0.22658412325346877,0.5347574631597156,0.013225018152153987,-0.07999798731913708,-0.02142055852222153,-0.0827262027368764,0.0022401069783229153,-0.008439538305336449,-0.004622243747563512,-0.04481690555980837,0.013289394324724427,-0.08077796769549868,-0.0203996806183672,-0.08380791040296887,0.016225856133627682,0.0325,-0.1588626338874835,0.04358585431240749
2022-06-30,2022-07-31,risk_off,28.709999084472656,-0.0312908057700714,0.0024897264719971708,0.26666666666666666,0.26666666666666666,0.26666666666666666,0.19999999999999996,-0.049127868737768476,0.08732434530504873,-0.025881517491311956,0.08615960519765897,0.17954101668545563,0.07526885214012999,-0.0006754486274553664,-0.0005897654335496771,-0.001210898780299585,-0.008763366218410265,-0.014184421176562694,-0.012385074104543219,-0.025428874386291284,-0.1840306905866156,0.16767112065864334,0.11810849558451597,0.25972797860584335,0.6791495074570849,-0.08459668618450004,-0.10486183947437311,-0.09790579560502993,-0.27097228013265456,-0.013837039458817512,-0.01222252000692109,-0.023680751908247567,-0.17931892852352752,-0.08252488206951232,-0.10348552783127196,-0.09117520582634218,-0.2640345410761541,-0.08163456546707028,-0.04375,-0.2291519018220392,-0.08534377333238768
2022-07-31,2022-08-31,neutral,21.329999923706055,-0.06312055940101811,-0.005447049331041553,0.3941055173304623,0.11666666666666667,0.289227816002871,0.19999999999999996,0.02697632567550517,0.035029841694228736,-0.029433282458306786,-0.060125296634976344,-0.14085561097212995,-0.035189459497245876,0.0016974513499034092,-0.0003159568773852255,0.0016441635613662097,0.0007776424117143955,0.03564647834797159,-0.006635094425089735,0.03452743478869041,0.016330490646002303,0.13349182865495648,0.11720620084713441,0.20477918386022695,0.6563532786080623,0.26703116368350127,-0.056610438501829126,0.1686081277297075,0.024880641535964608,0.03606542653164841,-0.006674904991640274,0.03538876527782244,0.0165303285892732,0.2701695444210946,-0.0569501011328401,0.17281427052652587,0.025185108581051507,0.03917621067520845,0.020000000000000004,0.08315421194801759,0.04079035296668937
2022-08-31,2022-09-30,risk_off,25.8700008392334,0.008692836726717036,0.00018399561106234125,0.4959960533419364,0.16477613065519262,0.1713007919952216,0.1679270240076494,-0.0065187584324762,-0.03744241848626417,-0.028881810636775085,-0.12871296157285095,-0.03082203957555263,-0.05055481043705641,0.0012604615702750276,-0.0008079920419504195,-0.0010233461119257747,-0.003805853319095354,0.026469692975775578,-0.016967832880958808,-0.02149026835044127,-0.07992291970100243,0.10917560790600467,0.10633015230205636,0.15169710365673478,0.47804920780939775,0.24245061221518274,-0.15957686990570275,-0.14166564708493157,-0.1671855499295553,0.02649954776000708,-0.01681512238503018,-0.02144071508794636,-0.07871804634360591,0.2427240687573914,-0.15814067807655144,-0.14133898783237892,-0.16466515383284863,0.003759618501408905,-0.03,-0.007686155377687867,-0.05025147404124068
2022-09-30,2022-10-31,risk_off,31.6200008392334,0.02894235145851936,-0.009453129002078722,0.34599605334193645,0.23142079675445118,0.2336778009259282,0.18890534897768424,-0.03580303147413916,0.053693157701163896,-0.01784440770356277,0.03505051014016991,0.05475483351418764,0.03298206067179862,-0.0009699774627532862,-0.0009410239530285088,-0.004207813516825245,-0.001443814847805788,-0.02036952671781901,-0.019761503013598684,-0.08836408385333015,-0.03032011180392155,0.11938115047972023,0.11301915137118503,0.18664244629393115,0.46636272076710733,-0.17062598773731258,-0.17485092370492714,-0.4734404504866554,-0.06501401259956804,-0.019559942227967385,-0.01965775512277729,-0.08053986525798378,-0.029992674834539736,-0.16384447753575732,-0.17393295635547626,-0.43151955440589723,-0.06431190465911513,-0.13248294884590428,-0.017499999999999998,-0.29515078427615804,-0.035997775063114384
2022-10-31,2022-11-30,risk_off,25.8799991607666,-0.03708078819353957,-0.004107501502341513,0.48591603039365466,0.15744609506248697,0.15765250261789238,0.198985371925966,0.010112504289689149,0.04142472451938506,0.0849186596373046,0.06146049115854613,-0.16233625149087505,0.010885909919735039,0.0007257264900812169,-0.000643648001544661,-6.562098440069995e-06,0.0011394802723530188,0.015240256291705556,-0.013516608032437882,-0.0001378040672414699,0.023929085719413396,0.13203418687856694,0.12826580220189496,0.24210920424307467,0.4116830258883692,0.11542659255153485,-0.10537967096765401,-0.0005691814471585157,0.05812502390103871,0.015355180635248291,-0.01339495856014594,-0.00013257741430369719,0.024027198095672136,0.11629700608805651,-0.10443125392894512,-0.0005475934494856754,0.058363344089360836,0.025136135364793342,-0.03,-0.12642715710788177,0.013667101954107223
2022-11-30,2022-12-31,neutral,20.579999923706055,-0.0008095037529052036,-0.001225536204453961,0.46088497195691286,0.21850502088976448,0.24659357679061483,0.07401643036270775,0.014162869883150613,-0.034813767827347575,0.029306485665941073,-0.050343517980016905,-0.0361748498857718,-0.024733449570546157,0.0011736705578071522,0.000685258026715733,0.0007730097233033283,-0.0028858527721624255,0.024647081713950195,0.014390418561030394,0.016233204189369896,-0.060602908215410936,0.10212760071132816,0.14868678307293723,0.2689763268547082,0.49224965498620316,0.2413361475475875,0.09678344143050885,0.06035179519028274,-0.12311417103402444,0.024836587666178613,0.014179958689575325,0.016663427847244127,-0.060681480436138295,0.2431917277326549,0.09536798359958766,0.06195128040485563,-0.12327378967454855,0.025629261701620432,-0.04875,0.08834231633209258,0.004321696930674947
2022-12-31,2023-01-31,neutral,21.670000076293945,0.004922293762210073,-0.006335224228988462,0.32346480252667537,0.29511041952387,0.23401374622085241,0.14741103172860232,0.0003941987915627846,-0.024476278852209377,0.05759257431981091,0.10402519970361812,0.39835556219679225,0.09214428516573385,-0.00010841236173412672,0.0010563378981216834,-0.00030752772977407,-0.001274297477033544,-0.002276659596416661,0.022183095860555353,-0.00645808232525547,-0.026760247017704422,0.09218684919322394,0.14304006075132505,0.22055162415703414,0.49014219672644427,-0.024696142848366312,0.1550830987070163,-0.029281499739295842,-0.054596905135755366,-0.002186578618433052,0.021983447997810355,-0.0063763477235093055,-0.02641533326905652,-0.023718986358346798,0.15368735081865317,-0.02891090803742758,-0.053893203738586325,-0.13189056769164728,-0.03,-0.04218724054070272,-0.04296344853365384
2023-01-31,2023-02-28,neutral,19.399999618530273,0.017296033736262324,0.0017660940778021594,0.18099260615124393,0.3190073938487562,0.29999999999999993,0.19999999999999996,0.039812441335267276,-0.02028072255941893,-0.05367596391642182,-0.05864259919141035,0.00034877106732977836,-0.0383167157359143,-0.0006560171638576441,0.0012112837578254847,0.001301915954406453,0.005686928904584153,-0.013776360441010526,0.02543695891433518,0.027340235042535514,0.11942550699626722,0.09617086026030332,0.11879000995441111,0.17972440499679002,0.3289147458945195,-0.14324880118283634,0.2141338225672117,0.1521231078384921,0.363089549760004,-0.01334620327662245,0.025064943390213028,0.029229791222680296,0.12731582906922448,-0.13877595812805052,0.21100211541216624,0.16263673941890283,0.3870785079062819,-0.1040809886447586,-0.04875,0.23037551033059722,0.22022995118912272
2023-02-28,2023-03-31,neutral,20.700000762939453,-0.009860944395601957,0.006623175651612759,0.26666666666666666,0.26666666666666666,0.26666666666666666,0.19999999999999996,0.0012833360514299536,0.003224742545449466,0.07916128247166165,-0.02155453041763089,0.23031275933019124,0.06228428375923297,-0.0008340685154147656,-0.0005447716245702859,-0.0006273029714151117,0.003037449925853532,-0.017515438823710077,-0.011440204115976004,-0.013173362399717345,0.06378644844292418,0.08897149879036576,0.11218648411821222,0.17750780372868574,0.38674883641749325,-0.19686572736039745,-0.10197488766936778,-0.0742128634516393,0.16492990394951584,-0.017120119254431364,-0.011272891130779854,-0.01380955442187048,0.06268676666659204,-0.19242251155923215,-0.10048350493720327,-0.07779688628775941,0.16208650360080726,-0.07523259399084757,-0.04875,0.1609794074965465,-0.05746684461335252
2023-03-31,2023-04-30,neutral,18.700000762939453,0.03372776323596921,-0.005915444085573217,0.22500000000000003,0.35,0.22500000000000003,0.2,0.02826050451807105,0.04062558504586722,0.008623522653247617,0.0031311291122699814,0.027751556410733347,0.018413804896364207,-0.0006424577194639395,0.0014427563222142135,-0.0005771902604841538,0.005602109285696168,-0.01349161210874273,0.030297882766498484,-0.012120995470167229,0.11764429499961954,0.09448675608886016,0.14637706324342975,0.19549222530277172,0.4981431364571902,-0.14278839349775677,0.20698517988513088,-0.06200244255951685,0.2361656447508431,-0.013494186812988536,0.029854776231038445,-0.011550416040353706,0.117231842396048,-0.14281564286425408,0.20395802162931084,-0.05908376163023779,0.23533766465157904,0.0006361246837552102,-0.04875,-0.15691214780113302,-0.011686431644726578
2023-04-30,2023-05-31,risk_on,15.779999732971191,-0.017923243328231017,0.003157372468100511,0.3214128567978362,0.2552136552254764,0.22337348797668743,0.2,0.024097745486542678,0.02598396848187079,-0.01341989007892197,-0.039615842809137325,-0.07001134219991723,-0.01792475508645938,0.0008491963383844316,0.0005299630657364633,0.0003389874220785086,0.0031118099767018133,0.017833123106073063,0.01112922438046573,0.0071187358636486805,0.06534800951073808,0.08654689074137942,0.14146010322556413,0.19005006738260655,0.46204088629757367,0.206051574508462,0.07867394499719621,0.0374571604298215,0.14143339139179822,0.017961658592068292,0.01096645947390142,0.007601942915230261,0.06913887387023761,0.20753672879758975,0.07752333855161223,0.0399996854509192,0.14963799940793396,0.02402560770963256,-0.04875,0.22626070172985008,0.19336800961915598
2023-05-31,2023-06-30,neutral,17.940000534057617,-0.0220489419029905,0.0041389961276544806,0.4714128567978361,0.16684196171584958,0.16174518148631428,0.19999999999999996,0.01116792946762683,0.03532082920557422,-0.02221370606110007,0.05629441668840296,0.11967798146804198,0.045985461641595324,0.001052953135295027,-0.00021756912414125563,-0.0006797995139616558,0.000819350427991586,0.022112015841195567,-0.004568951606966369,-0.014275789793194773,0.017206358987823307,0.0696853677110891,0.11008276603206964,0.15011538429596172,0.30931274585639423,0.31731217854615495,-0.041504694800595106,-0.09509877925002792,0.05562770761413035,0.022754029496251958,-0.004502130689714485,-0.013398237293764843,0.016798160289931304,0.3265252124461573,-0.040897688639136405,-0.08925292605153243,0.05430801192308528,0.0967820180766894,-0.04875,-0.20490460005891886,-0.07907903858507184
2023-06-30,2023-07-31,risk_on,13.59000015258789,0.021396074338388457,9.720248865062705e-05,0.33517302067110105,0.16482697932889906,0.3,0.2,0.02418666987971478,0.029430846081861972,0.02288664235862692,0.020344571959312052,-0.04092037651288705,0.011556057994333426,0.0009012045761636476,-0.000752180875127153,0.0008188703762202912,0.003350175220017358,0.0189252960994366,-0.015795798377670214,0.017196277900626115,0.07035367962036451,0.06715695158643335,0.10118391150758621,0.14697775061840007,0.3400482275413042,0.2818069559795173,-0.15610978210192963,0.11699919088619745,0.20689324020022704,0.01908321277670919,-0.015564784826396788,0.017673989559386746,0.07526895704129526,0.28415841288073396,-0.15382667653868892,0.12024942200451766,0.22134788816728257,0.02781403902355002,-0.04875,0.09259981753439803,0.23288416694308303
2023-07-31,2023-08-31,risk_on,13.630000114440918,0.026445422638489386,0.00503208824774372,0.4698244178241279,0.08037283566639651,0.24980274650947545,0.19999999999999996,0.012433418154645945,-0.025311584617912497,-0.01277763505931584,-0.033778873427045,-0.11285070504336647,-0.04392717163488954,0.0008296750057526885,0.0001384776157381401,0.00041742846418838333,0.00036358067788670544,0.017423175120806458,0.0029080299305009423,0.00876599774795605,0.007635194235620814,0.06825709050467609,0.0883124932749696,0.12564866121246465,0.314339952402661,0.25525809834529717,0.03292886230090352,0.06976594627724089,0.02428960804142496,0.017598198972922256,0.002865499992767366,0.00927492285569618,0.00809072502201208,0.25782228399724505,0.03244727768975281,0.07381632853224611,0.025738774088914028,0.03348487496342066,-0.04875,0.19352241177520052,0.19887325820128143
2023-08-31,2023-09-30,risk_on,13.569999694824219,-0.03353015203955125,-0.0034622100281703535,0.36182517306829737,0.2068299552484317,0.2733456269274404,0.15799924475583066,-6.848901375692325e-05,0.019970083017293305,-0.047605861131122085,-0.07263759104609713,0.0399685499205622,-0.016160806544952527,6.26662306908548e-05,0.00023616766553317535,0.00017062038079168932,-0.0007796004987724824,0.001315990844507951,0.004959520976196683,0.0035830279966254756,-0.01637161047422213,0.06878634957421483,0.07477602973143946,0.10924777807564656,0.26039595331127385,0.0191315697468159,0.06632501075557186,0.0327972619648564,-0.06287198501372916,0.0012685776845983688,0.0048869879819198065,0.0036703800394242525,-0.016085837603233226,0.018442288222166488,0.06535500747327162,0.03359683925912678,-0.0617745298983369,-0.12009495888580181,-0.04875,0.08126463881112653,-0.05818463847094065
2023-09-30,2023-10-31,neutral,17.520000457763672,0.0068252176527600706,0.001603756310804835,0.4999999999999999,0.16666666666666666,0.16666666666666666,0.16666666666666666,-0.009336999419426256,-0.028449567918239826,0.07372411557093317,-0.03621467783470078,0.28551947543569,0.039613368236200486,6.600304829436101e-05,-0.0012251912280358307,-0.0017589148044587556,-3.9295118014939085e-06,0.0013860640141815813,-0.025729015788752446,-0.036937210893633866,-8.251974783137208e-05,0.06742854531974375,0.0664491329637955,0.12467066893841576,0.2700256759655628,0.020556042068072437,-0.38719866823199606,-0.2962782762630394,-0.0003055996343173531,0.0013648746216083168,-0.02535272893284194,-0.034682786130066395,-8.110531847415382e-05,0.020241792480263813,-0.3815358877091031,-0.27819523569893445,-0.0003003615051944076,-0.05095818653026154,-0.04875,-0.20344657948136388,-0.05713498463053236
2023-10-31,2023-11-30,neutral,18.139999389648438,0.007231373204274668,0.0036699635961493634,0.35,0.2666666666666667,0.19848484848484854,0.18484848484848487,0.02034157241034162,0.05521870494244174,0.02531372564947021,0.12081718467689107,0.08783270039094249,0.06629299575208866,-0.0005986966433037733,0.0011453233743974809,-0.0017566587402239884,0.0059769249553282555,-0.01257262950937924,0.024051790862347096,-0.03688983354470376,0.12551542406189337,0.08123927972997486,0.10854416235408608,0.16385150309386445,0.3388846367010119,-0.1547604748733428,0.22158530077266456,-0.2251418683878105,0.3703780297736896,-0.012070478627855704,0.02383532474458597,-0.03384697191284238,0.13485782392947013,-0.14857934078164975,0.21959103306571054,-0.20657101871963118,0.3979461129967107,-0.13313334895428447,-0.03,-0.274950335406455,0.248107618045144
2023-11-30,2023-12-31,risk_on,12.920000076293945,-0.026833605161783423,0.0009671032170736108,0.22337911321723639,0.2766208867827637,0.29999999999999993,0.19999999999999996,0.0405715796501512,0.07938399947303987,0.01282118235202856,0.09445349179131224,0.12071360157473232,0.07375810209008699,0.000855770065675004,0.001324183540359793,0.001626679018719292,0.004221516719634467,0.017971171379175085,0.02780785434755565,0.03416025939310513,0.0886518511123238,0.08100743721907983,0.11406595792739312,0.2030065404303531,0.36087588303610546,0.22184594397886104,0.24378749675040035,0.16827171834310795,0.24565745531810512,0.018174630507372124,0.02740116447772265,0.03388168303212578,0.09383753739008877,0.22435755445786923,0.24022210461042573,0.1668994652108256,0.2600271777671005,0.03773805722959256,-0.04875,-0.027183279238172146,0.19498319221763247
2023-12-31,2024-01-31,risk_on,12.449999809265137,-0.005146675591513992,-0.001379712111601642,0.30743081693784086,0.19256918306215923,0.29999999999999993,0.19999999999999996,0.04335379570381921,-0.0002623471921977538,-0.014228180398366819,-0.050588469587062423,0.007510151676246579,-0.016495073228262637,0.001754145475443778,0.0008440725436288487,0.002321062705183678,0.0028373139829135797,0.036837054984319335,0.017725523416205823,0.04874231680885724,0.05958359364118517,0.08065007442374819,0.1113873717255456,0.19169364951878984,0.35436449929775266,0.4567516551909382,0.15913404851566895,0.25427194344317344,0.1681421072349587,0.03709648080443786,0.01746628763624381,0.05317687341328768,0.06316331769682745,0.45996833939082443,0.15680671305612726,0.2774055037648771,0.17824392065796313,0.023475077855612942,-0.04875,0.30326534140895356,0.20026340792173566
2024-01-31,2024-02-29,risk_on,14.350000381469727,-0.0505026249440618,0.00029057322663314977,0.3597534603268645,0.2444977742075225,0.19574876546561298,0.2,0.0122038407826249,0.011833983335187703,0.0045635480195194145,0.01978798806799964,0.4371685841866,0.09668028486022508,0.0004851374765464508,0.00020319614337626138,7.95746648534516e-05,0.00170284525300647,0.010187887007475468,0.004267119010901489,0.0016710679619224835,0.03575975031313587,0.1128404155374317,0.10515329124453048,0.15635732354833426,0.40954893992549224,0.09028579839016915,0.040579985280521993,0.010687494029698657,0.08731496245513787,0.010195199125276135,0.004204712395367054,0.0016709520248613728,0.03590476500358241,0.09035059891191342,0.03998650299579436,0.010686752541813857,0.0876690463662644,0.0023924220973732366,-0.04875,-0.00023126340709947457,0.013517496550049656
2024-02-29,2024-03-31,risk_on,13.399999618530273,-0.017333090745513438,0.0019238609022515006,0.28061916411288546,0.25714350380595513,0.2622373320811595,0.2,0.05102495366405331,0.01565312867996771,0.08668323846462545,0.01951011339129649,0.16561329171152384,0.06492153797260417,0.00042654984561645644,0.0001502777924098905,0.00019697502995364872,0.010043993009600445,0.008957546757945585,0.003155833640607701,0.004136475629026623,0.21092385320160933,0.10262179263735796,0.07354076787404759,0.1426317878547589,0.4256350440996504,0.0872869838631597,0.0429127099408679,0.029001078169466482,0.495550956448566,0.00896125160039464,0.0031096795736138133,0.004379373488703042,0.23281092804703996,0.08732308577050162,0.04228511155798271,0.030704049599115532,0.5469731199871171,0.0013786670797141408,-0.04875,0.19573656534397488,0.3458922025367149
2024-03-31,2024-04-30,risk_on,13.010000228881836,-0.011051007227452458,0.0030701303321308175,0.21963528120332415,0.3388422779130767,0.24152244088359914,0.19999999999999996,0.04471338302126546,0.01244907326530198,0.029894973070150987,-0.07944022531259953,-0.1499543792172935,-0.03631353648471538,0.0005052724808955318,0.0016415388302957155,0.0006745424369821329,0.006105409964194549,0.010610722098806168,0.03447231543621003,0.01416539117662479,0.12821360924808553,0.09295460486931766,0.09047115539608556,0.13815020228677036,0.514272989008231,0.11414950462888301,0.3810310069025774,0.1025361594999366,0.24931040904042784,0.010621718868984073,0.03396815782295546,0.014908272942613874,0.13634974183456672,0.11426780721532685,0.3754584284266272,0.10791350787650299,0.2651310583072144,0.003454609427301394,-0.04875,0.17481144872181129,0.21152545438808207
2024-04-30,2024-05-31,risk_on,15.649999618530273,0.019138716781235143,0.0050146538655886815,0.33562059600635297,0.35,0.11437940399364716,0.2,0.01541998987962824,-0.0032802868369556926,0.016189210429127687,0.0455973066982327,0.11304277803921714,0.03238924019860665,0.000583320377751149,0.001231009677912589,-0.0005849327949476438,0.0009086820216413422,0.012249727932774127,0.02585120323616437,-0.012283588693900518,0.019082322454468188,0.08716147646419695,0.12310443847693313,0.15011929733762208,0.5667299216230004,0.14054061988963565,0.20999407946617843,-0.08182551418605709,0.033670928120082766,0.012439014324551127,0.025473129388835464,-0.011651752042598164,0.018311628231562786,0.14271229480217287,0.20692291605398558,-0.07761661724537039,0.03231103129180469,0.05150764512643153,-0.04875,-0.17145821335206798,-0.1346262096318612
2024-05-31,2024-06-30,risk_on,12.920000076293945,0.010521587475974004,-0.0004774928492640898,0.24537982637857428,0.35,0.20462017362142576,0.2,0.011179639134479483,0.06568373117303938,-0.0013469974027460196,0.01875593290435562,-0.07131456883230791,0.005220941941035719,0.00010440927052399375,0.00039811528523520437,-0.0002950083577608414,0.002183566304895271,0.0021925946810038687,0.008360420989939292,-0.006195175512977669,0.04585489240280069,0.08270603917345835,0.14309251690774505,0.15356237670057687,0.4467750769202605,0.026510696231086185,0.058426682055843934,-0.04034305567604826,0.10263529630813488,0.002253796548759075,0.008238149832961431,-0.005949163028400082,0.04480284629444621,0.027250688961566825,0.05757219183077722,-0.03874101948812657,0.10028054072148372,0.09304329141092497,-0.04875,-0.1323677777232941,-0.07647647126454477
2024-06-30,2024-07-31,risk_on,12.4399995803833,0.022363415007034693,0.003792562067406029,0.3545027579306139,0.25250120863991626,0.24549724206938614,0.14749879136008373,0.008401409558610948,0.039172315417011605,0.05367196334938251,0.07939341212889195,0.030966973402063003,0.05149738433066017,0.0013937289336134495,9.636914696087581e-05,0.000593174924790117,-0.0018526103787493823,0.02926830760588244,0.002023752086178392,0.012456673420592458,-0.03890481795373703,0.17313859072768392,0.145975088116222,0.11786181251159396,0.3804692824452231,0.16904554601530897,0.013863681209543966,0.10568879907024259,-0.10225481989952298,0.02946992360348812,0.001994154711918033,0.012844917129530613,-0.03866253944950779,0.17021002354026923,0.013660924871854387,0.10898285760086263,-0.10161803129290499,0.022961810242052093,-0.04875,0.10389175767594047,-0.020758226270530433
2024-07-31,2024-08-31,neutral,16.360000610351562,-0.04129714844466636,-0.002778052660436177,0.31204217600869977,0.18795782399130032,0.3,0.2,0.028471104390550468,0.011412299454817365,0.02092249026936499,0.05220650395294868,-0.08742521094720246,0.005670573495097217,0.0012115300912670082,0.0005767856930848459,0.001918801102660554,0.0013190540759273365,0.025442131916607172,0.012112499554781764,0.040294823155871635,0.027700135594474068,0.17045443928804233,0.14034623571016172,0.11472124921061828,0.33115045330142456,0.14926060021008783,0.08630441346354374,0.3512411469813568,0.08364818866565298,0.025265390184138408,0.01193535424879308,0.042986004213836186,0.02724046291231876,0.14822371473378704,0.08504221141663941,0.3746995827679457,0.0822600803977265,-0.0231560432970109,-0.04875,0.22262421879474906,-0.055315334779685935
2024-08-31,2024-09-30,risk_on,15.0,0.02435828529211552,0.008428343946273932,0.34839909653524725,0.2843757841232072,0.3,0.0672251193415456,0.02487194570345745,0.022782988118132952,0.050888514912532434,0.03269680038579548,0.07392927032290131,0.03718797794387679,0.0011126747757759107,0.0008818587592252757,0.0018805020381265538,-0.0008615402619286502,0.023366170291294123,0.01851903394373079,0.03949054280065763,-0.018092345500501653,0.0971290815941518,0.12939330781316463,0.13045241893689352,0.49476296862766317,0.2405682202260318,0.14312203820054625,0.30271989682124034,-0.03656770342106415,0.023628373543765912,0.018248193072303725,0.04215814306649906,-0.01780503236334128,0.2432677541675488,0.14102887839186326,0.3231687339342715,-0.03598699476787351,0.03740496755252513,-0.04875,0.22516785679608403,-0.05293456601161517
2024-09-30,2024-10-31,neutral,16.729999542236328,0.016849414918014043,-0.0013872313930691047,0.2717462968016089,0.29527656367813926,0.23297713952025195,0.2,0.03448416601181359,-0.06220252429880713,0.04299348742370901,-0.033566036505033536,0.1087279624819395,0.009717136923511992,0.0013661923584008084,0.0015821669561945566,0.0010630952968799323,0.0025543186102069374,0.028690039526416976,0.03322550608008569,0.02232500123447858,0.053640690814345686,0.1013797909097038,0.1180502340328305,0.11216681341690357,0.4749184998679179,0.2829956470512985,0.2814522677764914,0.19903392593940086,0.11294714951989443,0.029390167306545294,0.03273958305366444,0.023871571763957766,0.05634367399059908,0.289901636636066,0.2773360283602602,0.2128220552654152,0.11863861695484408,0.08134388469369389,-0.04875,0.230917572819761,0.16796845424733048
2024-10-31,2024-11-30,neutral,23.15999984741211,0.02000002724783885,-0.000768731535046533,0.20221086315948777,0.3499999999999999,0.24778913684051235,0.19999999999999996,0.030029960634205002,-0.003067503721212006,-0.031241364603208144,0.04259171823113195,0.37362098032565916,0.07372320097584424,-0.0006915825147669073,0.0018460871586414341,0.0002797617718322129,0.004071324577849061,-0.014523232810105053,0.03876783033147012,0.005874997208476471,0.08549781613483029,0.09687509830215575,0.09834810131684267,0.09939852076259989,0.32752060080512957,-0.14991708978510393,0.3941899214360421,0.05910547927074406,0.26104561338937077,-0.014201850873909736,0.03841891985848689,0.006118088585950653,0.08969555658791856,-0.1465996021971903,0.39064221214311773,0.061551102964227125,0.27386233527730436,-0.07376271761654035,-0.03,0.13792425133606773,0.16365877877973745
2024-11-30,2024-12-31,risk_on,13.510000228881836,-0.02039856879530582,-0.010110483375212153,0.2385828479847848,0.26141715201521526,0.29999999999999993,0.19999999999999996,0.040701218701417595,-0.020152369183212615,-0.014088486936242317,-0.08372184262397275,-0.031310328258628006,-0.03986960020336513,-0.00018016344170269553,0.00021528745222651357,0.0009636242455055414,0.007699518034157758,-0.003783432275756606,0.004521036496756785,0.02023610915561637,0.1616898787173129,0.11547148087327914,0.14253082615617996,0.1251524887102686,0.43141145296517763,-0.032765079716164935,0.03171971017555741,0.161691624067209,0.3747927358116848,-0.0037838413233824905,0.004480347168285974,0.020865596525732544,0.17086529893090097,-0.03276862212873981,0.03143423278397739,0.16672138717142865,0.39606111000649014,0.00036038495918594573,-0.03,0.1036904484742919,0.189156762859385
